{
    "title": "custom-example-01",
    "color": "#f60",
    "dependencies": {
        "core/g": "dev",
        "bitcraftlab/combinatoric": "dev"
    },
    "assets": {},
    "functions": [
        {
            "name": "main",
            "type": "network",
            "renderedNode": "productPoint1",
            "nodes": [
                {
                    "name": "number1",
                    "x": 75,
                    "y": 105,
                    "fn": "g.number",
                    "values": {
                        "v": 64
                    }
                },
                {
                    "name": "number2",
                    "x": 235,
                    "y": 105,
                    "fn": "g.number",
                    "values": {
                        "v": 0
                    }
                },
                {
                    "name": "number3",
                    "x": 385,
                    "y": 105,
                    "fn": "g.number",
                    "values": {
                        "v": 6
                    }
                },
                {
                    "name": "randomNumbers1",
                    "x": 165,
                    "y": 245,
                    "fn": "g.randomNumbers",
                    "values": {
                        "min": -250,
                        "max": 250
                    }
                },
                {
                    "name": "randomNumbers2",
                    "x": 295,
                    "y": 245,
                    "fn": "g.randomNumbers",
                    "values": {
                        "min": -250,
                        "max": 250
                    }
                },
                {
                    "name": "ellipse1",
                    "x": 125,
                    "y": 505,
                    "fn": "g.ellipse",
                    "values": {
                        "width": 20,
                        "height": 20
                    }
                },
                {
                    "name": "ellipse2",
                    "x": 295,
                    "y": 505,
                    "fn": "g.ellipse",
                    "values": {
                        "width": 10,
                        "height": 10
                    }
                },
                {
                    "name": "colorize2",
                    "x": 295,
                    "y": 575,
                    "fn": "g.colorize",
                    "values": {
                        "fill": "rgba(255, 255, 255, 1)"
                    }
                },
                {
                    "name": "combine1",
                    "x": 125,
                    "y": 705,
                    "fn": "g.combine"
                },
                {
                    "name": "productPoint1",
                    "x": 235,
                    "y": 355,
                    "fn": "combinatoric.productPoint"
                }
            ],
            "connections": [
                {
                    "output": "number1",
                    "input": "randomNumbers1",
                    "parameter": "amount"
                },
                {
                    "output": "number2",
                    "input": "randomNumbers1",
                    "parameter": "seed"
                },
                {
                    "output": "number1",
                    "input": "randomNumbers2",
                    "parameter": "amount"
                },
                {
                    "output": "number3",
                    "input": "randomNumbers2",
                    "parameter": "seed"
                },
                {
                    "output": "ellipse2",
                    "input": "colorize2",
                    "parameter": "shape"
                },
                {
                    "output": "ellipse1",
                    "input": "combine1",
                    "parameter": "list1"
                },
                {
                    "output": "colorize2",
                    "input": "combine1",
                    "parameter": "list2"
                },
                {
                    "output": "randomNumbers1",
                    "input": "productPoint1",
                    "parameter": "list1"
                },
                {
                    "output": "randomNumbers2",
                    "input": "productPoint1",
                    "parameter": "list2"
                },
                {
                    "output": "productPoint1",
                    "input": "ellipse1",
                    "parameter": "position"
                },
                {
                    "output": "productPoint1",
                    "input": "ellipse2",
                    "parameter": "position"
                }
            ],
            "parameters": [],
            "returnsList": true,
            "stickies": [
                {
                    "x": 55,
                    "y": 75,
                    "width": 465,
                    "height": 705,
                    "text": "example using productPoint from the combinatoric dependency"
                },
                {
                    "x": 924,
                    "y": 211,
                    "width": 200,
                    "height": 50,
                    "text": "Double-click to edit"
                }
            ]
        }
    ],
    "id": "customExample01"
}