{
    "title": "example-05",
    "color": "orange",
    "dependencies": {
        "core/g": "dev"
    },
    "assets": {},
    "functions": [
        {
            "name": "main",
            "type": "network",
            "renderedNode": "ringelpietz1",
            "nodes": [
                {
                    "name": "frame1",
                    "x": 65,
                    "y": 75,
                    "fn": "g.frame"
                },
                {
                    "name": "divide1",
                    "x": 65,
                    "y": 175,
                    "fn": "g.divide",
                    "values": {
                        "b": 1000
                    }
                },
                {
                    "name": "ringelpietz1",
                    "x": 55,
                    "y": 475,
                    "fn": "example05.ringelpietz",
                    "values": {
                        "input_text": "Ringelpietz mit Anfassen",
                        "r2": 66
                    }
                },
                {
                    "name": "offset",
                    "x": 215,
                    "y": 175,
                    "fn": "example05.slider",
                    "values": {
                        "percent": 0
                    }
                },
                {
                    "name": "add1",
                    "x": 65,
                    "y": 295,
                    "fn": "g.add"
                }
            ],
            "connections": [
                {
                    "output": "frame1",
                    "input": "divide1",
                    "parameter": "a"
                },
                {
                    "output": "divide1",
                    "input": "add1",
                    "parameter": "a"
                },
                {
                    "output": "add1",
                    "input": "ringelpietz1",
                    "parameter": "shift"
                },
                {
                    "output": "offset",
                    "input": "add1",
                    "parameter": "b"
                }
            ],
            "parameters": [],
            "returnsList": true,
            "stickies": [
                {
                    "x": 215,
                    "y": 125,
                    "width": 115,
                    "height": 35,
                    "text": "change the offset using the slider"
                },
                {
                    "x": 65,
                    "y": 25,
                    "width": 115,
                    "height": 35,
                    "text": "press play to start the animation"
                },
                {
                    "x": 55,
                    "y": 385,
                    "width": 115,
                    "height": 75,
                    "text": "change the animated text, or the radius of the outer and inner polygons"
                },
                {
                    "x": 782,
                    "y": 94,
                    "width": 200,
                    "height": 50,
                    "text": "Double-click to edit"
                }
            ]
        },
        {
            "name": "ringelpietz",
            "type": "network",
            "renderedNode": "rotate1",
            "nodes": [
                {
                    "name": "textPath1",
                    "x": -365,
                    "y": 1035,
                    "fn": "g.textPath"
                },
                {
                    "name": "polygon1",
                    "x": 125,
                    "y": 1305,
                    "fn": "g.polygon",
                    "values": {
                        "align": false
                    }
                },
                {
                    "name": "polygon2",
                    "x": 555,
                    "y": 675,
                    "fn": "g.polygon",
                    "values": {
                        "sides": 5,
                        "align": false
                    }
                },
                {
                    "name": "pointOnPath1",
                    "x": 405,
                    "y": 1075,
                    "fn": "g.pointOnPath",
                    "values": {
                        "t": 0.51
                    }
                },
                {
                    "name": "toCharacters1",
                    "x": -375,
                    "y": 165,
                    "fn": "g.toCharacters"
                },
                {
                    "name": "count1",
                    "x": -155,
                    "y": 335,
                    "fn": "g.count"
                },
                {
                    "name": "range1",
                    "x": -155,
                    "y": 515,
                    "fn": "g.range"
                },
                {
                    "name": "convert1",
                    "x": 15,
                    "y": 795,
                    "fn": "g.convert"
                },
                {
                    "name": "add1",
                    "x": 5,
                    "y": 335,
                    "fn": "g.add",
                    "values": {
                        "b": 1
                    }
                },
                {
                    "name": "colorize1",
                    "x": 125,
                    "y": 1375,
                    "fn": "g.colorize",
                    "values": {
                        "fill": "rgba(12, 17, 189, 0.11087962962962963)"
                    }
                },
                {
                    "name": "align1",
                    "x": -105,
                    "y": 1295,
                    "fn": "g.align"
                },
                {
                    "name": "combine1",
                    "x": 75,
                    "y": 1465,
                    "fn": "g.combine"
                },
                {
                    "name": "rotate1",
                    "x": 325,
                    "y": 1615,
                    "fn": "g.rotate",
                    "values": {
                        "angle": 19
                    }
                },
                {
                    "name": "angle1",
                    "x": 595,
                    "y": 1305,
                    "fn": "g.angle"
                },
                {
                    "name": "add2",
                    "x": 725,
                    "y": 965,
                    "fn": "g.add",
                    "values": {
                        "b": 0.01
                    }
                },
                {
                    "name": "pointOnPath2",
                    "x": 595,
                    "y": 1085,
                    "fn": "g.pointOnPath"
                },
                {
                    "name": "group1",
                    "x": 325,
                    "y": 1695,
                    "fn": "g.group"
                }
            ],
            "connections": [
                {
                    "inlet": "r1",
                    "input": "polygon2",
                    "parameter": "radius"
                },
                {
                    "inlet": "r2",
                    "input": "polygon1",
                    "parameter": "radius"
                },
                {
                    "output": "polygon2",
                    "input": "pointOnPath1",
                    "parameter": "shape"
                },
                {
                    "inlet": "input_text",
                    "input": "toCharacters1",
                    "parameter": "s"
                },
                {
                    "output": "toCharacters1",
                    "input": "textPath1",
                    "parameter": "text"
                },
                {
                    "output": "toCharacters1",
                    "input": "count1",
                    "parameter": "l"
                },
                {
                    "output": "count1",
                    "input": "range1",
                    "parameter": "max"
                },
                {
                    "output": "range1",
                    "input": "convert1",
                    "parameter": "v"
                },
                {
                    "output": "count1",
                    "input": "convert1",
                    "parameter": "inMax"
                },
                {
                    "output": "add1",
                    "input": "convert1",
                    "parameter": "outMax"
                },
                {
                    "output": "convert1",
                    "input": "pointOnPath1",
                    "parameter": "t"
                },
                {
                    "inlet": "shift",
                    "input": "add1",
                    "parameter": "a"
                },
                {
                    "inlet": "shift",
                    "input": "convert1",
                    "parameter": "outMin"
                },
                {
                    "output": "pointOnPath1",
                    "input": "polygon1",
                    "parameter": "position"
                },
                {
                    "output": "polygon1",
                    "input": "colorize1",
                    "parameter": "shape"
                },
                {
                    "output": "textPath1",
                    "input": "align1",
                    "parameter": "shape"
                },
                {
                    "output": "pointOnPath1",
                    "input": "align1",
                    "parameter": "position"
                },
                {
                    "output": "combine1",
                    "input": "rotate1",
                    "parameter": "shape"
                },
                {
                    "output": "convert1",
                    "input": "add2",
                    "parameter": "a"
                },
                {
                    "output": "polygon2",
                    "input": "pointOnPath2",
                    "parameter": "shape"
                },
                {
                    "output": "add2",
                    "input": "pointOnPath2",
                    "parameter": "t"
                },
                {
                    "output": "pointOnPath1",
                    "input": "angle1",
                    "parameter": "point1"
                },
                {
                    "output": "pointOnPath2",
                    "input": "angle1",
                    "parameter": "point2"
                },
                {
                    "output": "pointOnPath1",
                    "input": "rotate1",
                    "parameter": "origin"
                },
                {
                    "output": "angle1",
                    "input": "rotate1",
                    "parameter": "angle"
                },
                {
                    "output": "align1",
                    "input": "combine1",
                    "parameter": "list1"
                },
                {
                    "output": "colorize1",
                    "input": "combine1",
                    "parameter": "list2"
                },
                {
                    "output": "rotate1",
                    "input": "group1",
                    "parameter": "shapes"
                }
            ],
            "parameters": [
                {
                    "name": "input_text",
                    "type": "string",
                    "value": "Ringelpietz mit Anfassen"
                },
                {
                    "name": "shift",
                    "type": "float",
                    "value": 1
                },
                {
                    "name": "r1",
                    "type": "float",
                    "value": 200
                },
                {
                    "name": "r2",
                    "type": "float",
                    "value": 55
                }
            ],
            "returnsList": true
        },
        {
            "name": "slider",
            "type": "network",
            "renderedNode": "number1",
            "nodes": [
                {
                    "name": "number1",
                    "x": 119.65561903645886,
                    "y": 230.858107282051,
                    "fn": "g.number"
                }
            ],
            "connections": [
                {
                    "inlet": "percent",
                    "input": "number1",
                    "parameter": "v"
                }
            ],
            "parameters": [
                {
                    "name": "percent",
                    "type": "ratio",
                    "value": 1,
                    "enforceMaximum": "false"
                }
            ],
            "returnsList": true,
            "outputType": "ratio"
        }
    ],
    "id": "example05"
}