{
    "title": "example-02",
    "color": "orange",
    "dependencies": {
        "core/g": "dev"
    },
    "assets": {},
    "functions": [
        {
            "name": "main",
            "type": "network",
            "renderedNode": "colorize1",
            "nodes": [
                {
                    "name": "polygon1",
                    "x": 15,
                    "y": 155,
                    "fn": "g.polygon",
                    "masterList": "sides"
                },
                {
                    "name": "integer1",
                    "x": 15,
                    "y": 35,
                    "fn": "g.integer",
                    "values": {
                        "v": 5
                    }
                },
                {
                    "name": "scale1",
                    "x": 15,
                    "y": 285,
                    "fn": "g.scale"
                },
                {
                    "name": "colorize1",
                    "x": 15,
                    "y": 455,
                    "fn": "g.colorize"
                },
                {
                    "name": "rgbColor1",
                    "x": 145,
                    "y": 285,
                    "fn": "g.rgbColor",
                    "values": {
                        "blue": 0.39,
                        "green": 0
                    },
                    "masterList": "blue"
                },
                {
                    "name": "rgbColor2",
                    "x": 275,
                    "y": 285,
                    "fn": "g.rgbColor",
                    "values": {
                        "blue": 0.2,
                        "red": 0.6,
                        "green": 0
                    }
                },
                {
                    "name": "range1",
                    "x": 175,
                    "y": 155,
                    "fn": "g.range",
                    "values": {
                        "min": 1,
                        "max": 0.5,
                        "step": -0.02
                    }
                }
            ],
            "connections": [
                {
                    "output": "integer1",
                    "input": "polygon1",
                    "parameter": "sides"
                },
                {
                    "output": "polygon1",
                    "input": "scale1",
                    "parameter": "shape"
                },
                {
                    "output": "scale1",
                    "input": "colorize1",
                    "parameter": "shape"
                },
                {
                    "output": "rgbColor1",
                    "input": "colorize1",
                    "parameter": "fill"
                },
                {
                    "output": "rgbColor2",
                    "input": "colorize1",
                    "parameter": "stroke"
                },
                {
                    "output": "range1",
                    "input": "scale1",
                    "parameter": "scale"
                }
            ],
            "parameters": [],
            "returnsList": true
        }
    ],
    "id": "example02",
    "description": ""
}