[
  {
    "path": "code/2018-12-10.ndbx",
    "name": "2018-12-10.ndbx",
    "size": 2878,
    "extension": ".ndbx",
    "type": "file"
  },
  {
    "path": "code/2018-11-18.ndbx",
    "name": "2018-11-18.ndbx",
    "size": 4130,
    "extension": ".ndbx",
    "type": "file"
  },
  {
    "path": "code/2018-11-09.ndbx",
    "name": "2018-11-09.ndbx",
    "size": 4375,
    "extension": ".ndbx",
    "type": "file"
  },
  {
    "path": "code/2018-05-12.ndbx",
    "name": "2018-05-12.ndbx",
    "size": 2970,
    "extension": ".ndbx",
    "type": "file"
  },
  {
    "path": "code/2018-03-18/2018-03-18.ndbx",
    "name": "2018-03-18.ndbx",
    "size": 2988,
    "extension": ".ndbx",
    "type": "file"
  },
  {
    "path": "code/2018-03-12.ndbx",
    "name": "2018-03-12.ndbx",
    "size": 3046,
    "extension": ".ndbx",
    "type": "file"
  },
  {
    "path": "code/2018-03-11.ndbx",
    "name": "2018-03-11.ndbx",
    "size": 4203,
    "extension": ".ndbx",
    "type": "file"
  },
  {
    "path": "code/2018-02-27.ndbx",
    "name": "2018-02-27.ndbx",
    "size": 3256,
    "extension": ".ndbx",
    "type": "file"
  },
  {
    "path": "code/2018-02-26.ndbx",
    "name": "2018-02-26.ndbx",
    "size": 4621,
    "extension": ".ndbx",
    "type": "file"
  },
  {
    "path": "code/2018-02-25.ndbx",
    "name": "2018-02-25.ndbx",
    "size": 3046,
    "extension": ".ndbx",
    "type": "file"
  },
  {
    "path": "code/2018-01-31/2018-01-31.ndbx",
    "name": "2018-01-31.ndbx",
    "size": 4100,
    "extension": ".ndbx",
    "type": "file"
  },
  {
    "path": "code/2018-01-20.ndbx",
    "name": "2018-01-20.ndbx",
    "size": 19634,
    "extension": ".ndbx",
    "type": "file"
  },
  {
    "path": "code/2018-01-15.ndbx",
    "name": "2018-01-15.ndbx",
    "size": 3394,
    "extension": ".ndbx",
    "type": "file"
  },
  {
    "path": "code/2017-11-21.ndbx",
    "name": "2017-11-21.ndbx",
    "size": 3521,
    "extension": ".ndbx",
    "type": "file"
  },
  {
    "path": "code/2017-11-17.ndbx",
    "name": "2017-11-17.ndbx",
    "size": 4618,
    "extension": ".ndbx",
    "type": "file"
  },
  {
    "path": "code/2017-11-08.ndbx",
    "name": "2017-11-08.ndbx",
    "size": 3576,
    "extension": ".ndbx",
    "type": "file"
  },
  {
    "path": "code/2017-10-18.ndbx",
    "name": "2017-10-18.ndbx",
    "size": 3667,
    "extension": ".ndbx",
    "type": "file"
  },
  {
    "path": "code/2017-10-16.ndbx",
    "name": "2017-10-16.ndbx",
    "size": 8813,
    "extension": ".ndbx",
    "type": "file"
  },
  {
    "path": "code/2017-10-11.ndbx",
    "name": "2017-10-11.ndbx",
    "size": 2629,
    "extension": ".ndbx",
    "type": "file"
  },
  {
    "path": "code/2017-10-01.ndbx",
    "name": "2017-10-01.ndbx",
    "size": 10310,
    "extension": ".ndbx",
    "type": "file"
  },
  {
    "path": "code/2017-09-18.ndbx",
    "name": "2017-09-18.ndbx",
    "size": 3459,
    "extension": ".ndbx",
    "type": "file"
  },
  {
    "path": "code/2017-09-12.ndbx",
    "name": "2017-09-12.ndbx",
    "size": 4490,
    "extension": ".ndbx",
    "type": "file"
  },
  {
    "path": "code/2017-09-06.ndbx",
    "name": "2017-09-06.ndbx",
    "size": 7605,
    "extension": ".ndbx",
    "type": "file"
  },
  {
    "path": "code/2017-09-05.ndbx",
    "name": "2017-09-05.ndbx",
    "size": 5925,
    "extension": ".ndbx",
    "type": "file"
  },
  {
    "path": "code/2017-09-04.ndbx",
    "name": "2017-09-04.ndbx",
    "size": 2529,
    "extension": ".ndbx",
    "type": "file"
  },
  {
    "path": "code/2017-09-03.ndbx",
    "name": "2017-09-03.ndbx",
    "size": 5612,
    "extension": ".ndbx",
    "type": "file"
  },
  {
    "path": "code/2017-08-30.ndbx",
    "name": "2017-08-30.ndbx",
    "size": 6881,
    "extension": ".ndbx",
    "type": "file"
  },
  {
    "path": "code/2017-08-29.ndbx",
    "name": "2017-08-29.ndbx",
    "size": 3477,
    "extension": ".ndbx",
    "type": "file"
  },
  {
    "path": "code/2017-08-28.ndbx",
    "name": "2017-08-28.ndbx",
    "size": 7926,
    "extension": ".ndbx",
    "type": "file"
  },
  {
    "path": "code/2017-08-26.ndbx",
    "name": "2017-08-26.ndbx",
    "size": 4587,
    "extension": ".ndbx",
    "type": "file"
  },
  {
    "path": "code/2017-08-17.ndbx",
    "name": "2017-08-17.ndbx",
    "size": 3520,
    "extension": ".ndbx",
    "type": "file"
  },
  {
    "path": "code/2017-08-16.ndbx",
    "name": "2017-08-16.ndbx",
    "size": 4613,
    "extension": ".ndbx",
    "type": "file"
  },
  {
    "path": "code/2017-08-14.ndbx",
    "name": "2017-08-14.ndbx",
    "size": 3945,
    "extension": ".ndbx",
    "type": "file"
  },
  {
    "path": "code/2017-07-27.ndbx",
    "name": "2017-07-27.ndbx",
    "size": 4470,
    "extension": ".ndbx",
    "type": "file"
  },
  {
    "path": "code/2017-07-21.ndbx",
    "name": "2017-07-21.ndbx",
    "size": 4917,
    "extension": ".ndbx",
    "type": "file"
  },
  {
    "path": "code/2017-07-20.ndbx",
    "name": "2017-07-20.ndbx",
    "size": 2267,
    "extension": ".ndbx",
    "type": "file"
  },
  {
    "path": "code/2017-07-19.ndbx",
    "name": "2017-07-19.ndbx",
    "size": 4163,
    "extension": ".ndbx",
    "type": "file"
  },
  {
    "path": "code/2017-07-18.ndbx",
    "name": "2017-07-18.ndbx",
    "size": 3333,
    "extension": ".ndbx",
    "type": "file"
  },
  {
    "path": "code/2017-07-17.ndbx",
    "name": "2017-07-17.ndbx",
    "size": 7372,
    "extension": ".ndbx",
    "type": "file"
  },
  {
    "path": "code/2017-07-10.ndbx",
    "name": "2017-07-10.ndbx",
    "size": 3428,
    "extension": ".ndbx",
    "type": "file"
  },
  {
    "path": "code/2017-07-05.ndbx",
    "name": "2017-07-05.ndbx",
    "size": 4715,
    "extension": ".ndbx",
    "type": "file"
  },
  {
    "path": "code/2017-07-04.ndbx",
    "name": "2017-07-04.ndbx",
    "size": 5870,
    "extension": ".ndbx",
    "type": "file"
  },
  {
    "path": "code/2017-07-03.ndbx",
    "name": "2017-07-03.ndbx",
    "size": 3212,
    "extension": ".ndbx",
    "type": "file"
  },
  {
    "path": "code/2017-06-30.ndbx",
    "name": "2017-06-30.ndbx",
    "size": 3741,
    "extension": ".ndbx",
    "type": "file"
  },
  {
    "path": "code/2017-06-29.ndbx",
    "name": "2017-06-29.ndbx",
    "size": 2526,
    "extension": ".ndbx",
    "type": "file"
  },
  {
    "path": "code/2017-06-28.ndbx",
    "name": "2017-06-28.ndbx",
    "size": 2730,
    "extension": ".ndbx",
    "type": "file"
  },
  {
    "path": "code/2017-06-27.ndbx",
    "name": "2017-06-27.ndbx",
    "size": 2961,
    "extension": ".ndbx",
    "type": "file"
  },
  {
    "path": "code/2017-06-12.ndbx",
    "name": "2017-06-12.ndbx",
    "size": 2961,
    "extension": ".ndbx",
    "type": "file"
  },
  {
    "path": "code/2017-06-10.ndbx",
    "name": "2017-06-10.ndbx",
    "size": 3763,
    "extension": ".ndbx",
    "type": "file"
  },
  {
    "path": "code/2017-06-08.ndbx",
    "name": "2017-06-08.ndbx",
    "size": 2991,
    "extension": ".ndbx",
    "type": "file"
  },
  {
    "path": "code/2017-06-06.ndbx",
    "name": "2017-06-06.ndbx",
    "size": 2500,
    "extension": ".ndbx",
    "type": "file"
  },
  {
    "path": "code/2017-06-05.ndbx",
    "name": "2017-06-05.ndbx",
    "size": 2596,
    "extension": ".ndbx",
    "type": "file"
  },
  {
    "path": "code/2017-06-04.ndbx",
    "name": "2017-06-04.ndbx",
    "size": 3218,
    "extension": ".ndbx",
    "type": "file"
  },
  {
    "path": "code/2017-06-02/2017-06-02.ndbx",
    "name": "2017-06-02.ndbx",
    "size": 3911,
    "extension": ".ndbx",
    "type": "file"
  },
  {
    "path": "code/2017-06-01.ndbx",
    "name": "2017-06-01.ndbx",
    "size": 3889,
    "extension": ".ndbx",
    "type": "file"
  },
  {
    "path": "code/2017-05-30.ndbx",
    "name": "2017-05-30.ndbx",
    "size": 4269,
    "extension": ".ndbx",
    "type": "file"
  },
  {
    "path": "code/2017-05-29.ndbx",
    "name": "2017-05-29.ndbx",
    "size": 4182,
    "extension": ".ndbx",
    "type": "file"
  },
  {
    "path": "code/2017-05-28.ndbx",
    "name": "2017-05-28.ndbx",
    "size": 4254,
    "extension": ".ndbx",
    "type": "file"
  },
  {
    "path": "code/2017-05-26.ndbx",
    "name": "2017-05-26.ndbx",
    "size": 13533,
    "extension": ".ndbx",
    "type": "file"
  },
  {
    "path": "code/2017-05-25.ndbx",
    "name": "2017-05-25.ndbx",
    "size": 2624,
    "extension": ".ndbx",
    "type": "file"
  },
  {
    "path": "code/2017-05-24.ndbx",
    "name": "2017-05-24.ndbx",
    "size": 4211,
    "extension": ".ndbx",
    "type": "file"
  },
  {
    "path": "code/2017-05-23.ndbx",
    "name": "2017-05-23.ndbx",
    "size": 4803,
    "extension": ".ndbx",
    "type": "file"
  },
  {
    "path": "code/2017-05-22.ndbx",
    "name": "2017-05-22.ndbx",
    "size": 4805,
    "extension": ".ndbx",
    "type": "file"
  },
  {
    "path": "code/2017-05-19.ndbx",
    "name": "2017-05-19.ndbx",
    "size": 2549,
    "extension": ".ndbx",
    "type": "file"
  },
  {
    "path": "code/2017-05-18.ndbx",
    "name": "2017-05-18.ndbx",
    "size": 2195,
    "extension": ".ndbx",
    "type": "file"
  },
  {
    "path": "code/2017-05-17.ndbx",
    "name": "2017-05-17.ndbx",
    "size": 3134,
    "extension": ".ndbx",
    "type": "file"
  },
  {
    "path": "code/2017-05-16.ndbx",
    "name": "2017-05-16.ndbx",
    "size": 3109,
    "extension": ".ndbx",
    "type": "file"
  },
  {
    "path": "code/2017-05-15.ndbx",
    "name": "2017-05-15.ndbx",
    "size": 2812,
    "extension": ".ndbx",
    "type": "file"
  },
  {
    "path": "code/2017-05-14.ndbx",
    "name": "2017-05-14.ndbx",
    "size": 2351,
    "extension": ".ndbx",
    "type": "file"
  },
  {
    "path": "code/2017-05-13.ndbx",
    "name": "2017-05-13.ndbx",
    "size": 2750,
    "extension": ".ndbx",
    "type": "file"
  },
  {
    "path": "code/2017-05-12.ndbx",
    "name": "2017-05-12.ndbx",
    "size": 2782,
    "extension": ".ndbx",
    "type": "file"
  },
  {
    "path": "code/2017-05-11/2017-05-11.ndbx",
    "name": "2017-05-11.ndbx",
    "size": 3046,
    "extension": ".ndbx",
    "type": "file"
  },
  {
    "path": "code/2017-05-10.ndbx",
    "name": "2017-05-10.ndbx",
    "size": 3179,
    "extension": ".ndbx",
    "type": "file"
  },
  {
    "path": "code/2017-05-09.ndbx",
    "name": "2017-05-09.ndbx",
    "size": 8082,
    "extension": ".ndbx",
    "type": "file"
  },
  {
    "path": "code/2017-05-08.ndbx",
    "name": "2017-05-08.ndbx",
    "size": 7435,
    "extension": ".ndbx",
    "type": "file"
  },
  {
    "path": "code/2017-05-07.ndbx",
    "name": "2017-05-07.ndbx",
    "size": 4149,
    "extension": ".ndbx",
    "type": "file"
  },
  {
    "path": "code/2017-05-06.ndbx",
    "name": "2017-05-06.ndbx",
    "size": 3801,
    "extension": ".ndbx",
    "type": "file"
  },
  {
    "path": "code/2017-05-05.ndbx",
    "name": "2017-05-05.ndbx",
    "size": 4125,
    "extension": ".ndbx",
    "type": "file"
  },
  {
    "path": "code/2017-05-04.ndbx",
    "name": "2017-05-04.ndbx",
    "size": 2641,
    "extension": ".ndbx",
    "type": "file"
  }
]
