[
  {
    "path": "img-refs/2018-12-10.gif",
    "name": "2018-12-10.gif",
    "size": 163275,
    "extension": ".gif",
    "type": "file"
  },
  {
    "path": "img-refs/2018-11-18.gif",
    "name": "2018-11-18.gif",
    "size": 935826,
    "extension": ".gif",
    "type": "file"
  },
  {
    "path": "img-refs/2018-11-09.gif",
    "name": "2018-11-09.gif",
    "size": 374459,
    "extension": ".gif",
    "type": "file"
  },
  {
    "path": "img-refs/2018-05-12.png",
    "name": "2018-05-12.png",
    "size": 5430,
    "extension": ".png",
    "type": "file"
  },
  {
    "path": "img-refs/2018-03-18.png",
    "name": "2018-03-18.png",
    "size": 273241,
    "extension": ".png",
    "type": "file"
  },
  {
    "path": "img-refs/2018-03-12.gif",
    "name": "2018-03-12.gif",
    "size": 44743,
    "extension": ".gif",
    "type": "file"
  },
  {
    "path": "img-refs/2018-03-11.gif",
    "name": "2018-03-11.gif",
    "size": 328478,
    "extension": ".gif",
    "type": "file"
  },
  {
    "path": "img-refs/2018-02-27.png",
    "name": "2018-02-27.png",
    "size": 118149,
    "extension": ".png",
    "type": "file"
  },
  {
    "path": "img-refs/2018-02-26.gif",
    "name": "2018-02-26.gif",
    "size": 95138,
    "extension": ".gif",
    "type": "file"
  },
  {
    "path": "img-refs/2018-02-25.gif",
    "name": "2018-02-25.gif",
    "size": 255611,
    "extension": ".gif",
    "type": "file"
  },
  {
    "path": "img-refs/2018-01-31.png",
    "name": "2018-01-31.png",
    "size": 16514,
    "extension": ".png",
    "type": "file"
  },
  {
    "path": "img-refs/2018-01-20.png",
    "name": "2018-01-20.png",
    "size": 29524,
    "extension": ".png",
    "type": "file"
  },
  {
    "path": "img-refs/2018-01-15.gif",
    "name": "2018-01-15.gif",
    "size": 87258,
    "extension": ".gif",
    "type": "file"
  },
  {
    "path": "img-refs/2017-11-21.gif",
    "name": "2017-11-21.gif",
    "size": 395318,
    "extension": ".gif",
    "type": "file"
  },
  {
    "path": "img-refs/2017-11-17.gif",
    "name": "2017-11-17.gif",
    "size": 854369,
    "extension": ".gif",
    "type": "file"
  },
  {
    "path": "img-refs/2017-11-08.png",
    "name": "2017-11-08.png",
    "size": 34658,
    "extension": ".png",
    "type": "file"
  },
  {
    "path": "img-refs/2017-10-18.png",
    "name": "2017-10-18.png",
    "size": 70868,
    "extension": ".png",
    "type": "file"
  },
  {
    "path": "img-refs/2017-10-16.png",
    "name": "2017-10-16.png",
    "size": 17432,
    "extension": ".png",
    "type": "file"
  },
  {
    "path": "img-refs/2017-10-11.gif",
    "name": "2017-10-11.gif",
    "size": 721817,
    "extension": ".gif",
    "type": "file"
  },
  {
    "path": "img-refs/2017-10-01.gif",
    "name": "2017-10-01.gif",
    "size": 816583,
    "extension": ".gif",
    "type": "file"
  },
  {
    "path": "img-refs/2017-09-18.gif",
    "name": "2017-09-18.gif",
    "size": 249412,
    "extension": ".gif",
    "type": "file"
  },
  {
    "path": "img-refs/2017-09-12.gif",
    "name": "2017-09-12.gif",
    "size": 22895,
    "extension": ".gif",
    "type": "file"
  },
  {
    "path": "img-refs/2017-09-06.gif",
    "name": "2017-09-06.gif",
    "size": 333432,
    "extension": ".gif",
    "type": "file"
  },
  {
    "path": "img-refs/2017-09-05.png",
    "name": "2017-09-05.png",
    "size": 18342,
    "extension": ".png",
    "type": "file"
  },
  {
    "path": "img-refs/2017-09-04.gif",
    "name": "2017-09-04.gif",
    "size": 603819,
    "extension": ".gif",
    "type": "file"
  },
  {
    "path": "img-refs/2017-09-03.gif",
    "name": "2017-09-03.gif",
    "size": 163319,
    "extension": ".gif",
    "type": "file"
  },
  {
    "path": "img-refs/2017-08-30.gif",
    "name": "2017-08-30.gif",
    "size": 108506,
    "extension": ".gif",
    "type": "file"
  },
  {
    "path": "img-refs/2017-08-29.png",
    "name": "2017-08-29.png",
    "size": 24228,
    "extension": ".png",
    "type": "file"
  },
  {
    "path": "img-refs/2017-08-28.png",
    "name": "2017-08-28.png",
    "size": 6225,
    "extension": ".png",
    "type": "file"
  },
  {
    "path": "img-refs/2017-08-26.png",
    "name": "2017-08-26.png",
    "size": 231410,
    "extension": ".png",
    "type": "file"
  },
  {
    "path": "img-refs/2017-08-17.png",
    "name": "2017-08-17.png",
    "size": 131734,
    "extension": ".png",
    "type": "file"
  },
  {
    "path": "img-refs/2017-08-16.png",
    "name": "2017-08-16.png",
    "size": 8885,
    "extension": ".png",
    "type": "file"
  },
  {
    "path": "img-refs/2017-08-14.png",
    "name": "2017-08-14.png",
    "size": 20654,
    "extension": ".png",
    "type": "file"
  },
  {
    "path": "img-refs/2017-07-27.gif",
    "name": "2017-07-27.gif",
    "size": 288174,
    "extension": ".gif",
    "type": "file"
  },
  {
    "path": "img-refs/2017-07-21.gif",
    "name": "2017-07-21.gif",
    "size": 153342,
    "extension": ".gif",
    "type": "file"
  },
  {
    "path": "img-refs/2017-07-20.png",
    "name": "2017-07-20.png",
    "size": 87506,
    "extension": ".png",
    "type": "file"
  },
  {
    "path": "img-refs/2017-07-19.png",
    "name": "2017-07-19.png",
    "size": 23024,
    "extension": ".png",
    "type": "file"
  },
  {
    "path": "img-refs/2017-07-18.gif",
    "name": "2017-07-18.gif",
    "size": 24673,
    "extension": ".gif",
    "type": "file"
  },
  {
    "path": "img-refs/2017-07-17.png",
    "name": "2017-07-17.png",
    "size": 97024,
    "extension": ".png",
    "type": "file"
  },
  {
    "path": "img-refs/2017-07-10.png",
    "name": "2017-07-10.png",
    "size": 341008,
    "extension": ".png",
    "type": "file"
  },
  {
    "path": "img-refs/2017-07-05.png",
    "name": "2017-07-05.png",
    "size": 29285,
    "extension": ".png",
    "type": "file"
  },
  {
    "path": "img-refs/2017-07-04.png",
    "name": "2017-07-04.png",
    "size": 7005,
    "extension": ".png",
    "type": "file"
  },
  {
    "path": "img-refs/2017-07-03.gif",
    "name": "2017-07-03.gif",
    "size": 718007,
    "extension": ".gif",
    "type": "file"
  },
  {
    "path": "img-refs/2017-06-30.png",
    "name": "2017-06-30.png",
    "size": 5706,
    "extension": ".png",
    "type": "file"
  },
  {
    "path": "img-refs/2017-06-29.gif",
    "name": "2017-06-29.gif",
    "size": 61581,
    "extension": ".gif",
    "type": "file"
  },
  {
    "path": "img-refs/2017-06-28.png",
    "name": "2017-06-28.png",
    "size": 378831,
    "extension": ".png",
    "type": "file"
  },
  {
    "path": "img-refs/2017-06-27.png",
    "name": "2017-06-27.png",
    "size": 79797,
    "extension": ".png",
    "type": "file"
  },
  {
    "path": "img-refs/2017-06-12.png",
    "name": "2017-06-12.png",
    "size": 64571,
    "extension": ".png",
    "type": "file"
  },
  {
    "path": "img-refs/2017-06-10.png",
    "name": "2017-06-10.png",
    "size": 5459,
    "extension": ".png",
    "type": "file"
  },
  {
    "path": "img-refs/2017-06-08.png",
    "name": "2017-06-08.png",
    "size": 15511,
    "extension": ".png",
    "type": "file"
  },
  {
    "path": "img-refs/2017-06-06.png",
    "name": "2017-06-06.png",
    "size": 5678,
    "extension": ".png",
    "type": "file"
  },
  {
    "path": "img-refs/2017-06-05.png",
    "name": "2017-06-05.png",
    "size": 14508,
    "extension": ".png",
    "type": "file"
  },
  {
    "path": "img-refs/2017-06-04.gif",
    "name": "2017-06-04.gif",
    "size": 252357,
    "extension": ".gif",
    "type": "file"
  },
  {
    "path": "img-refs/2017-06-02.gif",
    "name": "2017-06-02.gif",
    "size": 46944,
    "extension": ".gif",
    "type": "file"
  },
  {
    "path": "img-refs/2017-06-01.png",
    "name": "2017-06-01.png",
    "size": 16181,
    "extension": ".png",
    "type": "file"
  },
  {
    "path": "img-refs/2017-05-30.png",
    "name": "2017-05-30.png",
    "size": 312920,
    "extension": ".png",
    "type": "file"
  },
  {
    "path": "img-refs/2017-05-29.png",
    "name": "2017-05-29.png",
    "size": 260543,
    "extension": ".png",
    "type": "file"
  },
  {
    "path": "img-refs/2017-05-28.png",
    "name": "2017-05-28.png",
    "size": 113486,
    "extension": ".png",
    "type": "file"
  },
  {
    "path": "img-refs/2017-05-26.png",
    "name": "2017-05-26.png",
    "size": 77816,
    "extension": ".png",
    "type": "file"
  },
  {
    "path": "img-refs/2017-05-25.png",
    "name": "2017-05-25.png",
    "size": 370846,
    "extension": ".png",
    "type": "file"
  },
  {
    "path": "img-refs/2017-05-24.png",
    "name": "2017-05-24.png",
    "size": 29312,
    "extension": ".png",
    "type": "file"
  },
  {
    "path": "img-refs/2017-05-23.png",
    "name": "2017-05-23.png",
    "size": 622240,
    "extension": ".png",
    "type": "file"
  },
  {
    "path": "img-refs/2017-05-22.png",
    "name": "2017-05-22.png",
    "size": 60513,
    "extension": ".png",
    "type": "file"
  },
  {
    "path": "img-refs/2017-05-19.png",
    "name": "2017-05-19.png",
    "size": 269322,
    "extension": ".png",
    "type": "file"
  },
  {
    "path": "img-refs/2017-05-18.png",
    "name": "2017-05-18.png",
    "size": 19157,
    "extension": ".png",
    "type": "file"
  },
  {
    "path": "img-refs/2017-05-17.png",
    "name": "2017-05-17.png",
    "size": 14763,
    "extension": ".png",
    "type": "file"
  },
  {
    "path": "img-refs/2017-05-16.png",
    "name": "2017-05-16.png",
    "size": 43354,
    "extension": ".png",
    "type": "file"
  },
  {
    "path": "img-refs/2017-05-15.gif",
    "name": "2017-05-15.gif",
    "size": 264333,
    "extension": ".gif",
    "type": "file"
  },
  {
    "path": "img-refs/2017-05-14.gif",
    "name": "2017-05-14.gif",
    "size": 1954937,
    "extension": ".gif",
    "type": "file"
  },
  {
    "path": "img-refs/2017-05-13.png",
    "name": "2017-05-13.png",
    "size": 32155,
    "extension": ".png",
    "type": "file"
  },
  {
    "path": "img-refs/2017-05-12.png",
    "name": "2017-05-12.png",
    "size": 168467,
    "extension": ".png",
    "type": "file"
  },
  {
    "path": "img-refs/2017-05-11.png",
    "name": "2017-05-11.png",
    "size": 57711,
    "extension": ".png",
    "type": "file"
  },
  {
    "path": "img-refs/2017-05-10.png",
    "name": "2017-05-10.png",
    "size": 13368,
    "extension": ".png",
    "type": "file"
  },
  {
    "path": "img-refs/2017-05-09.gif",
    "name": "2017-05-09.gif",
    "size": 638233,
    "extension": ".gif",
    "type": "file"
  },
  {
    "path": "img-refs/2017-05-08.gif",
    "name": "2017-05-08.gif",
    "size": 626455,
    "extension": ".gif",
    "type": "file"
  },
  {
    "path": "img-refs/2017-05-07.gif",
    "name": "2017-05-07.gif",
    "size": 99359,
    "extension": ".gif",
    "type": "file"
  },
  {
    "path": "img-refs/2017-05-06.gif",
    "name": "2017-05-06.gif",
    "size": 50976,
    "extension": ".gif",
    "type": "file"
  },
  {
    "path": "img-refs/2017-05-05.png",
    "name": "2017-05-05.png",
    "size": 6161,
    "extension": ".png",
    "type": "file"
  },
  {
    "path": "img-refs/2017-05-04.gif",
    "name": "2017-05-04.gif",
    "size": 1126717,
    "extension": ".gif",
    "type": "file"
  }
]
